lam0_nm,amp,sigma_nm,fwhm_nm,continuum,rms,snr,nfit,line_id,peak_lam_nm,peak_flux,prominence,slit,extract_fits,lam_col,flux_col,wave_lo_nm,wave_hi_nm,n_lines
628.5120756669576,0.21409645497110297,1.0812363933047722,2.546117132337581,-0.19205965221523028,0.001858257090756464,115.2135816061641,9,L001,628.4867553710938,0.0211686278660744,0.02189853651342338,SLIT025,/Users/robberto/Library/CloudStorage/Box-Box/My Documents - Massimo Robberto/@Massimo/_Science/2. Projects_HW/2017.SAMOS/_Run8_Science_2026_01/SAMI/Dolidze25/reduced/08_extract1d/extract1d_optimal_ridge_all_wav.fits,LAMBDA_NM,SKY,600.0,950.0,84
634.8416698546421,0.009582176133018963,0.32913494800170084,0.7750535730644378,-0.0012213589522771843,0.0007976145743294873,12.01354193041695,9,L002,634.7435302734375,0.00809517036779848,0.008383158870730992,SLIT025,/Users/robberto/Library/CloudStorage/Box-Box/My Documents - Massimo Robberto/@Massimo/_Science/2. Projects_HW/2017.SAMOS/_Run8_Science_2026_01/SAMI/Dolidze25/reduced/08_extract1d/extract1d_optimal_ridge_all_wav.fits,LAMBDA_NM,SKY,600.0,950.0,84
648.3302372459914,0.0035462515099431513,0.3912797447683114,0.9213933861829036,-0.0007301467995677534,0.0003297559333765257,10.754170436393421,9,L003,648.1551513671875,0.0027327160380707744,0.003183510324600636,SLIT025,/Users/robberto/Library/CloudStorage/Box-Box/My Documents - Massimo Robberto/@Massimo/_Science/2. Projects_HW/2017.SAMOS/_Run8_Science_2026_01/SAMI/Dolidze25/reduced/08_extract1d/extract1d_optimal_ridge_all_wav.fits,LAMBDA_NM,SKY,600.0,950.0,84
653.6911562837604,0.0017934010146481063,0.1520173674320082,0.357973544017023,0.0018931322402913641,0.00024062436373671316,7.4531148334190025,9,L004,653.613037109375,0.0036703906916435852,0.0029898425303115173,SLIT025,/Users/robberto/Library/CloudStorage/Box-Box/My Documents - Massimo Robberto/@Massimo/_Science/2. Projects_HW/2017.SAMOS/_Run8_Science_2026_01/SAMI/Dolidze25/reduced/08_extract1d/extract1d_optimal_ridge_all_wav.fits,LAMBDA_NM,SKY,600.0,950.0,84
654.921540018665,0.32726213883295396,0.895311439754093,2.108297324850748,-0.28077334750898647,0.0033735484915040355,97.0082806448856,9,L005,654.9489135742188,0.04361888651985723,0.04492036575254722,SLIT025,/Users/robberto/Library/CloudStorage/Box-Box/My Documents - Massimo Robberto/@Massimo/_Science/2. Projects_HW/2017.SAMOS/_Run8_Science_2026_01/SAMI/Dolidze25/reduced/08_extract1d/extract1d_optimal_ridge_all_wav.fits,LAMBDA_NM,SKY,600.0,950.0,84
656.9649508743491,0.013139553156682034,0.44844396709383044,1.0560048427718722,-0.005885226405732399,0.0003684502490576625,35.661675328724485,9,L006,657.0148315429688,0.007079141974774741,0.006853776342214468,SLIT025,/Users/robberto/Library/CloudStorage/Box-Box/My Documents - Massimo Robberto/@Massimo/_Science/2. Projects_HW/2017.SAMOS/_Run8_Science_2026_01/SAMI/Dolidze25/reduced/08_extract1d/extract1d_optimal_ridge_all_wav.fits,LAMBDA_NM,SKY,600.0,950.0,84
670.3316435658191,0.0047229427340450885,0.30146470412891097,0.7098951281427538,-0.00015241000156696827,0.00026066145066595505,18.11906870762287,9,L007,670.1758422851562,0.004248058277265682,0.005090304552887168,SLIT025,/Users/robberto/Library/CloudStorage/Box-Box/My Documents - Massimo Robberto/@Massimo/_Science/2. Projects_HW/2017.SAMOS/_Run8_Science_2026_01/SAMI/Dolidze25/reduced/08_extract1d/extract1d_optimal_ridge_all_wav.fits,LAMBDA_NM,SKY,600.0,950.0,84
671.7773453949,0.0036291327896100034,0.3394060995519652,0.7992402866202332,-0.0004622179107259568,0.00017522410317760294,20.711378878804144,9,L008,671.76416015625,0.0030712913304718247,0.0028000856339280714,SLIT025,/Users/robberto/Library/CloudStorage/Box-Box/My Documents - Massimo Robberto/@Massimo/_Science/2. Projects_HW/2017.SAMOS/_Run8_Science_2026_01/SAMI/Dolidze25/reduced/08_extract1d/extract1d_optimal_ridge_all_wav.fits,LAMBDA_NM,SKY,600.0,950.0,84
681.6780268418333,0.004084230995847536,0.17230045182491738,0.40573655771987227,0.0033433016881548126,0.00038512200875476525,10.605031400447068,9,L009,681.6793823242188,0.007069621967166911,0.007391893577799123,SLIT025,/Users/robberto/Library/CloudStorage/Box-Box/My Documents - Massimo Robberto/@Massimo/_Science/2. Projects_HW/2017.SAMOS/_Run8_Science_2026_01/SAMI/Dolidze25/reduced/08_extract1d/extract1d_optimal_ridge_all_wav.fits,LAMBDA_NM,SKY,600.0,950.0,84
684.911277578609,0.009080130548301786,0.3084019369650788,0.726231063082194,-0.0015502132049645032,0.0006181548876060631,14.689086393001814,9,L010,684.7459716796875,0.007202124537195497,0.008770643766070847,SLIT025,/Users/robberto/Library/CloudStorage/Box-Box/My Documents - Massimo Robberto/@Massimo/_Science/2. Projects_HW/2017.SAMOS/_Run8_Science_2026_01/SAMI/Dolidze25/reduced/08_extract1d/extract1d_optimal_ridge_all_wav.fits,LAMBDA_NM,SKY,600.0,950.0,84
689.5970879009503,0.011727996143490448,0.03152692819025346,0.07424024245968441,0.000690877337188053,0.000487857589936221,24.039794369138917,9,L011,689.53564453125,0.002446640816615519,0.0027159617858912993,SLIT025,/Users/robberto/Library/CloudStorage/Box-Box/My Documents - Massimo Robberto/@Massimo/_Science/2. Projects_HW/2017.SAMOS/_Run8_Science_2026_01/SAMI/Dolidze25/reduced/08_extract1d/extract1d_optimal_ridge_all_wav.fits,LAMBDA_NM,SKY,600.0,950.0,84
690.8596888484574,0.13610258645206363,2.4999999978798346,5.887050107507392,-0.13241093872518575,0.00026921011028051197,505.5626860010839,9,L012,690.8878173828125,0.0036090896412126127,0.003817570850701389,SLIT025,/Users/robberto/Library/CloudStorage/Box-Box/My Documents - Massimo Robberto/@Massimo/_Science/2. Projects_HW/2017.SAMOS/_Run8_Science_2026_01/SAMI/Dolidze25/reduced/08_extract1d/extract1d_optimal_ridge_all_wav.fits,LAMBDA_NM,SKY,600.0,950.0,84
693.4038192632659,0.010608623811558743,0.46808946555791986,1.1022664563491267,-0.0052832866698337725,0.0003298296887811165,32.16394452167979,9,L013,693.470703125,0.005050296444764201,0.00557141258437429,SLIT025,/Users/robberto/Library/CloudStorage/Box-Box/My Documents - Massimo Robberto/@Massimo/_Science/2. Projects_HW/2017.SAMOS/_Run8_Science_2026_01/SAMI/Dolidze25/reduced/08_extract1d/extract1d_optimal_ridge_all_wav.fits,LAMBDA_NM,SKY,600.0,950.0,84
696.3263255319995,0.006311794853520651,0.43449902442164595,1.0231670122410363,-0.0036166580562795266,0.0003283367739463471,19.22353922668452,9,L014,696.4249877929688,0.0030528956819298016,0.0030014513650248337,SLIT025,/Users/robberto/Library/CloudStorage/Box-Box/My Documents - Massimo Robberto/@Massimo/_Science/2. Projects_HW/2017.SAMOS/_Run8_Science_2026_01/SAMI/Dolidze25/reduced/08_extract1d/extract1d_optimal_ridge_all_wav.fits,LAMBDA_NM,SKY,600.0,950.0,84
699.9161688870437,0.0022244635391822196,0.32562589792306784,0.766790391600364,-0.0005166344692517922,0.0005050836709046549,4.404148594227933,9,L015,700.2444458007812,0.0018469857956424666,0.003378954314050113,SLIT025,/Users/robberto/Library/CloudStorage/Box-Box/My Documents - Massimo Robberto/@Massimo/_Science/2. Projects_HW/2017.SAMOS/_Run8_Science_2026_01/SAMI/Dolidze25/reduced/08_extract1d/extract1d_optimal_ridge_all_wav.fits,LAMBDA_NM,SKY,600.0,950.0,84
703.33968749569,0.062099019670748094,2.2248711659417495,5.239171219102153,-0.06043675532178187,0.000115424767807109,538.00428496009,9,L016,703.3275756835938,0.00176539910490121,0.0029898855880346326,SLIT025,/Users/robberto/Library/CloudStorage/Box-Box/My Documents - Massimo Robberto/@Massimo/_Science/2. Projects_HW/2017.SAMOS/_Run8_Science_2026_01/SAMI/Dolidze25/reduced/08_extract1d/extract1d_optimal_ridge_all_wav.fits,LAMBDA_NM,SKY,600.0,950.0,84
712.1635638351203,0.0013779877955240514,0.10387039688569659,0.24459609266854387,0.00035845826660877176,9.473068619546563e-05,14.546371939930168,9,L017,712.09716796875,0.0015193167074871458,0.00302156535209718,SLIT025,/Users/robberto/Library/CloudStorage/Box-Box/My Documents - Massimo Robberto/@Massimo/_Science/2. Projects_HW/2017.SAMOS/_Run8_Science_2026_01/SAMI/Dolidze25/reduced/08_extract1d/extract1d_optimal_ridge_all_wav.fits,LAMBDA_NM,SKY,600.0,950.0,84
722.8467863251499,0.028912673712002793,0.6598200424004608,1.5537574619373549,-0.015579610713512352,0.00022086119422132884,130.90879913937667,9,L018,722.7446899414062,0.013191487156160593,0.013935734226418896,SLIT025,/Users/robberto/Library/CloudStorage/Box-Box/My Documents - Massimo Robberto/@Massimo/_Science/2. Projects_HW/2017.SAMOS/_Run8_Science_2026_01/SAMI/Dolidze25/reduced/08_extract1d/extract1d_optimal_ridge_all_wav.fits,LAMBDA_NM,SKY,600.0,950.0,84
726.2827001155209,0.02923005304686495,0.5083169723134902,1.1969949956175165,-0.014754396248605575,0.0011846746690881674,24.673485311678892,9,L019,726.2168579101562,0.014321769186492743,0.01572800009293538,SLIT025,/Users/robberto/Library/CloudStorage/Box-Box/My Documents - Massimo Robberto/@Massimo/_Science/2. Projects_HW/2017.SAMOS/_Run8_Science_2026_01/SAMI/Dolidze25/reduced/08_extract1d/extract1d_optimal_ridge_all_wav.fits,LAMBDA_NM,SKY,600.0,950.0,84
730.2594579881021,0.017498395892287633,0.3626596049927066,0.8539981073486076,-0.006214465714667389,0.0012846183159124346,13.621474702280675,9,L020,730.188232421875,0.010542760615652291,0.010415909759310242,SLIT025,/Users/robberto/Library/CloudStorage/Box-Box/My Documents - Massimo Robberto/@Massimo/_Science/2. Projects_HW/2017.SAMOS/_Run8_Science_2026_01/SAMI/Dolidze25/reduced/08_extract1d/extract1d_optimal_ridge_all_wav.fits,LAMBDA_NM,SKY,600.0,950.0,84
731.5280812206896,0.009584530682911829,0.4837241005915488,1.1390832083225755,-0.0046482210881108,0.0003874090070215834,24.740082210783118,9,L021,731.429931640625,0.00456702395358538,0.004021562606685325,SLIT025,/Users/robberto/Library/CloudStorage/Box-Box/My Documents - Massimo Robberto/@Massimo/_Science/2. Projects_HW/2017.SAMOS/_Run8_Science_2026_01/SAMI/Dolidze25/reduced/08_extract1d/extract1d_optimal_ridge_all_wav.fits,LAMBDA_NM,SKY,600.0,950.0,84
732.7324514715702,0.01967967159312859,0.3146741171339355,0.7410009186696692,-0.004565903656907389,0.0012738073710354956,15.449487921498456,9,L022,732.7962036132812,0.01413759465192203,0.01415842485828895,SLIT025,/Users/robberto/Library/CloudStorage/Box-Box/My Documents - Massimo Robberto/@Massimo/_Science/2. Projects_HW/2017.SAMOS/_Run8_Science_2026_01/SAMI/Dolidze25/reduced/08_extract1d/extract1d_optimal_ridge_all_wav.fits,LAMBDA_NM,SKY,600.0,950.0,84
735.5986216532497,0.011730874426387145,0.3158931422786194,0.74387150351573,-0.0013170502622577936,0.000753764355824761,15.56305274418468,9,L023,735.5298461914062,0.010047974936286253,0.009650138766768145,SLIT025,/Users/robberto/Library/CloudStorage/Box-Box/My Documents - Massimo Robberto/@Massimo/_Science/2. Projects_HW/2017.SAMOS/_Run8_Science_2026_01/SAMI/Dolidze25/reduced/08_extract1d/extract1d_optimal_ridge_all_wav.fits,LAMBDA_NM,SKY,600.0,950.0,84
738.7920695623194,0.006494880505273561,0.21272373771359843,0.500926121615304,0.00032525502880200184,0.00023036009821177913,28.194468380989143,9,L024,738.7623291015625,0.00666132301571054,0.007038837750314735,SLIT025,/Users/robberto/Library/CloudStorage/Box-Box/My Documents - Massimo Robberto/@Massimo/_Science/2. Projects_HW/2017.SAMOS/_Run8_Science_2026_01/SAMI/Dolidze25/reduced/08_extract1d/extract1d_optimal_ridge_all_wav.fits,LAMBDA_NM,SKY,600.0,950.0,84
742.5804987253279,0.011401115881503925,0.7976723839702907,1.8783749191161772,-0.008850917872112665,0.00036867029398388154,30.924964846780924,9,L025,742.7434692382812,0.002949508531769296,0.0036373203284714864,SLIT025,/Users/robberto/Library/CloudStorage/Box-Box/My Documents - Massimo Robberto/@Massimo/_Science/2. Projects_HW/2017.SAMOS/_Run8_Science_2026_01/SAMI/Dolidze25/reduced/08_extract1d/extract1d_optimal_ridge_all_wav.fits,LAMBDA_NM,SKY,600.0,950.0,84
746.8832859791382,0.002275758190842171,0.1922457593434858,0.4527041676682864,0.0027867007738495136,0.0002497603004135619,9.111769112520648,9,L026,746.7274780273438,0.004781696617654728,0.005978878479371973,SLIT025,/Users/robberto/Library/CloudStorage/Box-Box/My Documents - Massimo Robberto/@Massimo/_Science/2. Projects_HW/2017.SAMOS/_Run8_Science_2026_01/SAMI/Dolidze25/reduced/08_extract1d/extract1d_optimal_ridge_all_wav.fits,LAMBDA_NM,SKY,600.0,950.0,84
747.9535671645788,0.0019679221197401674,0.1103257150616723,0.25979720530618433,0.0005946586521111194,0.000531536969279853,3.702324078053094,9,L027,747.9730224609375,0.002521778306544714,0.0030648008594133073,SLIT025,/Users/robberto/Library/CloudStorage/Box-Box/My Documents - Massimo Robberto/@Massimo/_Science/2. Projects_HW/2017.SAMOS/_Run8_Science_2026_01/SAMI/Dolidze25/reduced/08_extract1d/extract1d_optimal_ridge_all_wav.fits,LAMBDA_NM,SKY,600.0,950.0,84
751.0942241412746,0.015288084117202652,0.38874039883781847,0.9154136834845896,-0.003979874988559769,0.001074975277635723,14.221800663943574,9,L028,751.0880126953125,0.011107420510608182,0.012509758647909753,SLIT025,/Users/robberto/Library/CloudStorage/Box-Box/My Documents - Massimo Robberto/@Massimo/_Science/2. Projects_HW/2017.SAMOS/_Run8_Science_2026_01/SAMI/Dolidze25/reduced/08_extract1d/extract1d_optimal_ridge_all_wav.fits,LAMBDA_NM,SKY,600.0,950.0,84
755.8747660473546,0.010098845965879382,0.29484440620592123,0.6943055178898256,-0.0016352829451177428,0.0005354544136142765,18.860328179411095,9,L029,755.8258056640625,0.008628787959588553,0.00872820385937482,SLIT025,/Users/robberto/Library/CloudStorage/Box-Box/My Documents - Massimo Robberto/@Massimo/_Science/2. Projects_HW/2017.SAMOS/_Run8_Science_2026_01/SAMI/Dolidze25/reduced/08_extract1d/extract1d_optimal_ridge_all_wav.fits,LAMBDA_NM,SKY,600.0,950.0,84
757.116907240275,0.003105361995935407,0.13593466012235841,0.3201016624663917,0.0007406917740387445,0.00025592837677794244,12.133715045712927,9,L030,757.0731811523438,0.003528383539532314,0.0030696805779428845,SLIT025,/Users/robberto/Library/CloudStorage/Box-Box/My Documents - Massimo Robberto/@Massimo/_Science/2. Projects_HW/2017.SAMOS/_Run8_Science_2026_01/SAMI/Dolidze25/reduced/08_extract1d/extract1d_optimal_ridge_all_wav.fits,LAMBDA_NM,SKY,600.0,950.0,84
761.5819998497868,0.00295496070590581,0.20136171752971987,0.4741706087346122,0.00019386167648078906,0.00030254551283915134,9.76699564364988,9,L031,761.5655517578125,0.003194650570114605,0.0045849713718221045,SLIT025,/Users/robberto/Library/CloudStorage/Box-Box/My Documents - Massimo Robberto/@Massimo/_Science/2. Projects_HW/2017.SAMOS/_Run8_Science_2026_01/SAMI/Dolidze25/reduced/08_extract1d/extract1d_optimal_ridge_all_wav.fits,LAMBDA_NM,SKY,600.0,950.0,84
764.9550243167979,0.0031275468473569014,0.20717610434334635,0.4878624433527235,-0.00036239617172272064,0.00026737225187616255,11.697350137909867,9,L032,764.9367065429688,0.0031461224037781527,0.004140966392940983,SLIT025,/Users/robberto/Library/CloudStorage/Box-Box/My Documents - Massimo Robberto/@Massimo/_Science/2. Projects_HW/2017.SAMOS/_Run8_Science_2026_01/SAMI/Dolidze25/reduced/08_extract1d/extract1d_optimal_ridge_all_wav.fits,LAMBDA_NM,SKY,600.0,950.0,84
770.17711346486,0.5522965275605137,2.499999999999686,5.88705011249926,-0.5320576165757978,0.000820640208534473,673.0069058483298,9,L033,770.0586547851562,0.020716005858756024,0.022080278133206968,SLIT025,/Users/robberto/Library/CloudStorage/Box-Box/My Documents - Massimo Robberto/@Massimo/_Science/2. Projects_HW/2017.SAMOS/_Run8_Science_2026_01/SAMI/Dolidze25/reduced/08_extract1d/extract1d_optimal_ridge_all_wav.fits,LAMBDA_NM,SKY,600.0,950.0,84
773.7509699868658,1.0051108173079606,2.499999990707292,5.887050090617345,-0.9847979057044165,0.0007576402651325228,1326.6333160529048,7,L034,773.6834716796875,0.020273458430191994,0.020795525252484827,SLIT025,/Users/robberto/Library/CloudStorage/Box-Box/My Documents - Massimo Robberto/@Massimo/_Science/2. Projects_HW/2017.SAMOS/_Run8_Science_2026_01/SAMI/Dolidze25/reduced/08_extract1d/extract1d_optimal_ridge_all_wav.fits,LAMBDA_NM,SKY,600.0,950.0,84
774.6106577132548,0.00452719377544587,0.14132213245775366,0.3327881903136634,0.0040100543732056685,0.0002706631621329186,16.726301945820886,7,L035,774.5586547851562,0.008079560630643424,0.0036453789684513255,SLIT025,/Users/robberto/Library/CloudStorage/Box-Box/My Documents - Massimo Robberto/@Massimo/_Science/2. Projects_HW/2017.SAMOS/_Run8_Science_2026_01/SAMI/Dolidze25/reduced/08_extract1d/extract1d_optimal_ridge_all_wav.fits,LAMBDA_NM,SKY,600.0,950.0,84
776.0865079890956,0.21720084685790936,2.4999995445458985,5.887049039987552,-0.21073491066935926,0.00033598542529994507,646.4591333508206,7,L036,776.0591430664062,0.006743099615135882,0.005919337898561479,SLIT025,/Users/robberto/Library/CloudStorage/Box-Box/My Documents - Massimo Robberto/@Massimo/_Science/2. Projects_HW/2017.SAMOS/_Run8_Science_2026_01/SAMI/Dolidze25/reduced/08_extract1d/extract1d_optimal_ridge_all_wav.fits,LAMBDA_NM,SKY,600.0,950.0,84
778.0873614994708,0.019633990893418884,0.3852734468644876,0.9072496354827377,-0.004982241357551701,0.0005614722117090464,34.96876690238265,7,L037,778.0602416992188,0.014350355695178965,0.014585174431979674,SLIT025,/Users/robberto/Library/CloudStorage/Box-Box/My Documents - Massimo Robberto/@Massimo/_Science/2. Projects_HW/2017.SAMOS/_Run8_Science_2026_01/SAMI/Dolidze25/reduced/08_extract1d/extract1d_optimal_ridge_all_wav.fits,LAMBDA_NM,SKY,600.0,950.0,84
779.5746904400336,0.016828469009307064,0.5970538861339616,1.4059544590134003,-0.010673461977217125,0.0002027269983652975,83.01049759037787,7,L038,779.4362182617188,0.005886902156135965,0.005545295606338761,SLIT025,/Users/robberto/Library/CloudStorage/Box-Box/My Documents - Massimo Robberto/@Massimo/_Science/2. Projects_HW/2017.SAMOS/_Run8_Science_2026_01/SAMI/Dolidze25/reduced/08_extract1d/extract1d_optimal_ridge_all_wav.fits,LAMBDA_NM,SKY,600.0,950.0,84
780.8449163798383,0.8080664818387834,2.499999621381332,5.887049220921171,-0.790687149971809,0.0005821468140137252,1388.0802271636785,7,L039,780.8123779296875,0.016629092440416562,0.01655316430960939,SLIT025,/Users/robberto/Library/CloudStorage/Box-Box/My Documents - Massimo Robberto/@Massimo/_Science/2. Projects_HW/2017.SAMOS/_Run8_Science_2026_01/SAMI/Dolidze25/reduced/08_extract1d/extract1d_optimal_ridge_all_wav.fits,LAMBDA_NM,SKY,600.0,950.0,84
782.7955308331925,0.007907173721971368,0.297269315633947,0.7000157432182502,-0.002403421164560985,0.0006131138265586784,12.896746704202092,7,L040,782.6892700195312,0.005204319340570626,0.003233993757026321,SLIT025,/Users/robberto/Library/CloudStorage/Box-Box/My Documents - Massimo Robberto/@Massimo/_Science/2. Projects_HW/2017.SAMOS/_Run8_Science_2026_01/SAMI/Dolidze25/reduced/08_extract1d/extract1d_optimal_ridge_all_wav.fits,LAMBDA_NM,SKY,600.0,950.0,84
784.0355503068721,0.9049674844235238,2.4999999999062696,5.887050112279281,-0.8849644816531719,0.0009313044148103753,971.7203849052794,7,L041,783.940673828125,0.019617946247746095,0.01991780884870687,SLIT025,/Users/robberto/Library/CloudStorage/Box-Box/My Documents - Massimo Robberto/@Massimo/_Science/2. Projects_HW/2017.SAMOS/_Run8_Science_2026_01/SAMI/Dolidze25/reduced/08_extract1d/extract1d_optimal_ridge_all_wav.fits,LAMBDA_NM,SKY,600.0,950.0,84
785.6904596448505,0.4515126198463201,2.4999998749237573,5.887049817967956,-0.44045655716491994,0.00029294970350833696,1541.2632763885717,7,L042,785.6929931640625,0.010818273287135433,0.00647135525060338,SLIT025,/Users/robberto/Library/CloudStorage/Box-Box/My Documents - Massimo Robberto/@Massimo/_Science/2. Projects_HW/2017.SAMOS/_Run8_Science_2026_01/SAMI/Dolidze25/reduced/08_extract1d/extract1d_optimal_ridge_all_wav.fits,LAMBDA_NM,SKY,600.0,950.0,84
787.6155984620291,0.017807586414518368,0.5612315609098768,1.3215993295172161,-0.009575469573664534,0.0004121855809937273,43.20283686679804,7,L043,787.5706787109375,0.00817397145415128,0.005919534268553841,SLIT025,/Users/robberto/Library/CloudStorage/Box-Box/My Documents - Massimo Robberto/@Massimo/_Science/2. Projects_HW/2017.SAMOS/_Run8_Science_2026_01/SAMI/Dolidze25/reduced/08_extract1d/extract1d_optimal_ridge_all_wav.fits,LAMBDA_NM,SKY,600.0,950.0,84
790.0728566726302,1.15473965897036,2.49999944842798,5.887048813647151,-1.1295078505998004,0.0016792043839402773,687.6707028722417,7,L044,790.0748291015625,0.02360110661766237,0.02522335576831578,SLIT025,/Users/robberto/Library/CloudStorage/Box-Box/My Documents - Massimo Robberto/@Massimo/_Science/2. Projects_HW/2017.SAMOS/_Run8_Science_2026_01/SAMI/Dolidze25/reduced/08_extract1d/extract1d_optimal_ridge_all_wav.fits,LAMBDA_NM,SKY,600.0,950.0,84
791.8352047486788,0.30740610069933044,2.4999999999999996,5.887050112499999,-0.301004769008126,0.00015959875907059474,1926.1183638862544,7,L045,791.8280029296875,0.0061942703515872714,0.0035596749631182957,SLIT025,/Users/robberto/Library/CloudStorage/Box-Box/My Documents - Massimo Robberto/@Massimo/_Science/2. Projects_HW/2017.SAMOS/_Run8_Science_2026_01/SAMI/Dolidze25/reduced/08_extract1d/extract1d_optimal_ridge_all_wav.fits,LAMBDA_NM,SKY,600.0,950.0,84
793.5815977687056,0.12092781303813256,1.7029543602294783,4.010151063188526,-0.11615110103747298,0.00021923250340947622,551.5961874150889,7,L046,793.5814208984375,0.004600087850875035,0.004964726799971805,SLIT025,/Users/robberto/Library/CloudStorage/Box-Box/My Documents - Massimo Robberto/@Massimo/_Science/2. Projects_HW/2017.SAMOS/_Run8_Science_2026_01/SAMI/Dolidze25/reduced/08_extract1d/extract1d_optimal_ridge_all_wav.fits,LAMBDA_NM,SKY,600.0,950.0,84
795.1659396582161,0.9884860805651761,2.4999999999999996,5.887050112499999,-0.9704741131168789,0.0009339408701219547,1058.4032803234093,7,L047,795.2098388671875,0.01686241992081755,0.016521304101717416,SLIT025,/Users/robberto/Library/CloudStorage/Box-Box/My Documents - Massimo Robberto/@Massimo/_Science/2. Projects_HW/2017.SAMOS/_Run8_Science_2026_01/SAMI/Dolidze25/reduced/08_extract1d/extract1d_optimal_ridge_all_wav.fits,LAMBDA_NM,SKY,600.0,950.0,84
796.6133893019079,0.00696504616647706,0.2629087512470873,0.6191027974425599,0.0008300133010809507,0.0005151750930186088,13.519764951496741,7,L048,796.7130737304688,0.007694969221019098,0.007051912119065746,SLIT025,/Users/robberto/Library/CloudStorage/Box-Box/My Documents - Massimo Robberto/@Massimo/_Science/2. Projects_HW/2017.SAMOS/_Run8_Science_2026_01/SAMI/Dolidze25/reduced/08_extract1d/extract1d_optimal_ridge_all_wav.fits,LAMBDA_NM,SKY,600.0,950.0,84
798.0098770153087,1.0195695313042583,2.499999023230838,5.887047812384398,-0.9989740162440057,0.0005907586398652223,1725.8647821669886,7,L049,798.0912475585938,0.019939336007866286,0.020443691300838857,SLIT025,/Users/robberto/Library/CloudStorage/Box-Box/My Documents - Massimo Robberto/@Massimo/_Science/2. Projects_HW/2017.SAMOS/_Run8_Science_2026_01/SAMI/Dolidze25/reduced/08_extract1d/extract1d_optimal_ridge_all_wav.fits,LAMBDA_NM,SKY,600.0,950.0,84
801.2698948688494,0.011538120991240908,0.28801926835469094,0.6782335464678604,0.001331045452699306,0.00022686293497054853,50.859436305621244,7,L050,801.2238159179688,0.01249276431847865,0.013884299903386663,SLIT025,/Users/robberto/Library/CloudStorage/Box-Box/My Documents - Massimo Robberto/@Massimo/_Science/2. Projects_HW/2017.SAMOS/_Run8_Science_2026_01/SAMI/Dolidze25/reduced/08_extract1d/extract1d_optimal_ridge_all_wav.fits,LAMBDA_NM,SKY,600.0,950.0,84
804.8278654791116,0.014918312185895384,0.4692701824969437,1.105046832264611,-0.007689405082936334,0.0006583879673406969,22.658846950305193,7,L051,804.7330322265625,0.007529484409983234,0.0077994400952769855,SLIT025,/Users/robberto/Library/CloudStorage/Box-Box/My Documents - Massimo Robberto/@Massimo/_Science/2. Projects_HW/2017.SAMOS/_Run8_Science_2026_01/SAMI/Dolidze25/reduced/08_extract1d/extract1d_optimal_ridge_all_wav.fits,LAMBDA_NM,SKY,600.0,950.0,84
809.1195661526573,0.0019146443652963592,0.12982037044837136,0.3057036105811505,0.0009635420303665873,0.000358624889498163,5.338849648655428,7,L052,809.120361328125,0.0027384670940622143,0.003304392743278395,SLIT025,/Users/robberto/Library/CloudStorage/Box-Box/My Documents - Massimo Robberto/@Massimo/_Science/2. Projects_HW/2017.SAMOS/_Run8_Science_2026_01/SAMI/Dolidze25/reduced/08_extract1d/extract1d_optimal_ridge_all_wav.fits,LAMBDA_NM,SKY,600.0,950.0,84
820.1106888354985,0.14893445223432958,2.4999981951350985,5.887045862367951,-0.14731725333039525,0.00047944659627868416,310.6382512469848,7,L053,820.154541015625,0.0016754092475109172,0.002846649341561449,SLIT025,/Users/robberto/Library/CloudStorage/Box-Box/My Documents - Massimo Robberto/@Massimo/_Science/2. Projects_HW/2017.SAMOS/_Run8_Science_2026_01/SAMI/Dolidze25/reduced/08_extract1d/extract1d_optimal_ridge_all_wav.fits,LAMBDA_NM,SKY,600.0,950.0,84
827.3893316569169,0.0027873370531297384,0.13032851560465342,0.3069002009809331,0.008984213279840302,0.0006701232441367973,4.159439442695616,7,L054,827.3031005859375,0.011342330032571377,0.005212401093389503,SLIT025,/Users/robberto/Library/CloudStorage/Box-Box/My Documents - Massimo Robberto/@Massimo/_Science/2. Projects_HW/2017.SAMOS/_Run8_Science_2026_01/SAMI/Dolidze25/reduced/08_extract1d/extract1d_optimal_ridge_all_wav.fits,LAMBDA_NM,SKY,600.0,950.0,84
828.4697832698408,0.014410574832479565,0.31151463268432245,0.7335609013558546,0.0008169990911141321,0.0006901643094439392,20.879918934217375,7,L055,828.431884765625,0.014497697364907216,0.016256902497566735,SLIT025,/Users/robberto/Library/CloudStorage/Box-Box/My Documents - Massimo Robberto/@Massimo/_Science/2. Projects_HW/2017.SAMOS/_Run8_Science_2026_01/SAMI/Dolidze25/reduced/08_extract1d/extract1d_optimal_ridge_all_wav.fits,LAMBDA_NM,SKY,600.0,950.0,84
829.7005242091778,0.020337681640915085,0.866546510442092,2.04056109271384,-0.017298126634506663,5.9701417644408874e-05,340.65659482408853,7,L056,829.6860961914062,0.003009212650773998,0.002908671349282372,SLIT025,/Users/robberto/Library/CloudStorage/Box-Box/My Documents - Massimo Robberto/@Massimo/_Science/2. Projects_HW/2017.SAMOS/_Run8_Science_2026_01/SAMI/Dolidze25/reduced/08_extract1d/extract1d_optimal_ridge_all_wav.fits,LAMBDA_NM,SKY,600.0,950.0,84
833.1308271731547,1.5884188950903044,2.499999363179897,5.887048612903256,-1.5568347277752026,0.001125033170293052,1411.8862776966375,7,L057,833.0723876953125,0.030758842256976004,0.0323415078867107,SLIT025,/Users/robberto/Library/CloudStorage/Box-Box/My Documents - Massimo Robberto/@Massimo/_Science/2. Projects_HW/2017.SAMOS/_Run8_Science_2026_01/SAMI/Dolidze25/reduced/08_extract1d/extract1d_optimal_ridge_all_wav.fits,LAMBDA_NM,SKY,600.0,950.0,84
835.04004434199,0.0049625906797989994,0.34226466893735646,0.8059717031089758,-0.0010694151043793814,0.0003107217490901554,15.971172582319342,7,L058,834.9536743164062,0.004140727026551818,0.003152274767313971,SLIT025,/Users/robberto/Library/CloudStorage/Box-Box/My Documents - Massimo Robberto/@Massimo/_Science/2. Projects_HW/2017.SAMOS/_Run8_Science_2026_01/SAMI/Dolidze25/reduced/08_extract1d/extract1d_optimal_ridge_all_wav.fits,LAMBDA_NM,SKY,600.0,950.0,84
836.8205248020595,0.023767726741947465,0.6451650681277465,1.519247634761008,-0.016258957319569736,0.00036986183133395076,64.26109624836477,7,L059,836.9602661132812,0.0073652923994953195,0.007764009574025078,SLIT025,/Users/robberto/Library/CloudStorage/Box-Box/My Documents - Massimo Robberto/@Massimo/_Science/2. Projects_HW/2017.SAMOS/_Run8_Science_2026_01/SAMI/Dolidze25/reduced/08_extract1d/extract1d_optimal_ridge_all_wav.fits,LAMBDA_NM,SKY,600.0,950.0,84
838.5589103988923,1.0457615140196752,2.499999958449771,5.887050014656688,-1.022840740649274,0.0009592408032506415,1090.197070929255,7,L060,838.5906372070312,0.02239411600910782,0.02291408610605727,SLIT025,/Users/robberto/Library/CloudStorage/Box-Box/My Documents - Massimo Robberto/@Massimo/_Science/2. Projects_HW/2017.SAMOS/_Run8_Science_2026_01/SAMI/Dolidze25/reduced/08_extract1d/extract1d_optimal_ridge_all_wav.fits,LAMBDA_NM,SKY,600.0,950.0,84
840.2128970885848,0.011152267669554468,0.3021716648364395,0.7115598933878693,-0.0023547010903692107,0.0005814920150532181,19.178711626046685,7,L061,840.0955200195312,0.00828800481454172,0.008491736805244255,SLIT025,/Users/robberto/Library/CloudStorage/Box-Box/My Documents - Massimo Robberto/@Massimo/_Science/2. Projects_HW/2017.SAMOS/_Run8_Science_2026_01/SAMI/Dolidze25/reduced/08_extract1d/extract1d_optimal_ridge_all_wav.fits,LAMBDA_NM,SKY,600.0,950.0,84
841.6624687651229,1.340815454063654,2.4999999943809628,5.887050099268178,-1.3147314408361677,0.0011409187294934668,1175.2068043084325,7,L062,841.6004028320312,0.02515709071313792,0.026010939974141403,SLIT025,/Users/robberto/Library/CloudStorage/Box-Box/My Documents - Massimo Robberto/@Massimo/_Science/2. Projects_HW/2017.SAMOS/_Run8_Science_2026_01/SAMI/Dolidze25/reduced/08_extract1d/extract1d_optimal_ridge_all_wav.fits,LAMBDA_NM,SKY,600.0,950.0,84
843.7986639773964,0.1862091234903576,2.016789882254287,4.749177241285585,-0.180272170702264,9.678337584860832e-05,1923.978388412819,7,L063,843.8575439453125,0.005902131772378414,0.005821351453234603,SLIT025,/Users/robberto/Library/CloudStorage/Box-Box/My Documents - Massimo Robberto/@Massimo/_Science/2. Projects_HW/2017.SAMOS/_Run8_Science_2026_01/SAMI/Dolidze25/reduced/08_extract1d/extract1d_optimal_ridge_all_wav.fits,LAMBDA_NM,SKY,600.0,950.0,84
845.132475317499,0.023219364997703468,0.31090484702309257,0.7321249658576369,-0.004283656126129218,0.0012635510519193138,18.376277683781453,7,L064,844.986083984375,0.01820141986994061,0.01881230955896373,SLIT025,/Users/robberto/Library/CloudStorage/Box-Box/My Documents - Massimo Robberto/@Massimo/_Science/2. Projects_HW/2017.SAMOS/_Run8_Science_2026_01/SAMI/Dolidze25/reduced/08_extract1d/extract1d_optimal_ridge_all_wav.fits,LAMBDA_NM,SKY,600.0,950.0,84
848.0270465562152,0.004439820291626009,0.24958132925108845,0.5877191169782079,0.0008673035067311251,0.0002705891044374142,16.407978809261017,7,L065,847.8699340820312,0.0050558548364682265,0.002954588422383775,SLIT025,/Users/robberto/Library/CloudStorage/Box-Box/My Documents - Massimo Robberto/@Massimo/_Science/2. Projects_HW/2017.SAMOS/_Run8_Science_2026_01/SAMI/Dolidze25/reduced/08_extract1d/extract1d_optimal_ridge_all_wav.fits,LAMBDA_NM,SKY,600.0,950.0,84
849.0647279113621,0.009303596217684246,0.23723334483969083,0.5586418357709012,0.0022033902348777743,0.000412662321696408,22.5453009119859,7,L066,848.9983520507812,0.01172258898700561,0.011827068011526894,SLIT025,/Users/robberto/Library/CloudStorage/Box-Box/My Documents - Massimo Robberto/@Massimo/_Science/2. Projects_HW/2017.SAMOS/_Run8_Science_2026_01/SAMI/Dolidze25/reduced/08_extract1d/extract1d_optimal_ridge_all_wav.fits,LAMBDA_NM,SKY,600.0,950.0,84
853.4633213303343,0.0032958347931460333,0.254544403741538,0.5994062642731466,0.000556339862051052,9.45317059295057e-05,34.864861061576605,7,L067,853.385986328125,0.0037297584091684384,0.004248496289680834,SLIT025,/Users/robberto/Library/CloudStorage/Box-Box/My Documents - Massimo Robberto/@Massimo/_Science/2. Projects_HW/2017.SAMOS/_Run8_Science_2026_01/SAMI/Dolidze25/reduced/08_extract1d/extract1d_optimal_ridge_all_wav.fits,LAMBDA_NM,SKY,600.0,950.0,84
861.4364170795704,0.14107060784520314,2.4999998414450673,5.887049739131665,-0.13303442974263513,0.00020096326042911685,701.9721293532713,7,L068,861.40673828125,0.007867205852071854,0.00615029387378494,SLIT025,/Users/robberto/Library/CloudStorage/Box-Box/My Documents - Massimo Robberto/@Massimo/_Science/2. Projects_HW/2017.SAMOS/_Run8_Science_2026_01/SAMI/Dolidze25/reduced/08_extract1d/extract1d_optimal_ridge_all_wav.fits,LAMBDA_NM,SKY,600.0,950.0,84
864.3500052255034,0.002334508228566299,0.0952569140955639,0.22431289073707691,0.007197564586320557,0.00019041799069754488,12.25991420251027,7,L069,864.2882080078125,0.00917630610744084,0.009869102097741358,SLIT025,/Users/robberto/Library/CloudStorage/Box-Box/My Documents - Massimo Robberto/@Massimo/_Science/2. Projects_HW/2017.SAMOS/_Run8_Science_2026_01/SAMI/Dolidze25/reduced/08_extract1d/extract1d_optimal_ridge_all_wav.fits,LAMBDA_NM,SKY,600.0,950.0,84
874.9730700013147,0.24801061095438584,2.408515115428054,5.671619672495471,-0.22986303011330592,0.0005333545645806021,465.0013844906464,7,L070,875.0570068359375,0.01875745740786448,0.011591164796203066,SLIT025,/Users/robberto/Library/CloudStorage/Box-Box/My Documents - Massimo Robberto/@Massimo/_Science/2. Projects_HW/2017.SAMOS/_Run8_Science_2026_01/SAMI/Dolidze25/reduced/08_extract1d/extract1d_optimal_ridge_all_wav.fits,LAMBDA_NM,SKY,600.0,950.0,84
876.3114723076793,0.015792914007404558,0.2084151086329869,0.49078007548981006,0.005531419202393758,0.0010120585281894682,15.604743764826964,7,L071,876.1834106445312,0.020279082983693585,0.02139778379439197,SLIT025,/Users/robberto/Library/CloudStorage/Box-Box/My Documents - Massimo Robberto/@Massimo/_Science/2. Projects_HW/2017.SAMOS/_Run8_Science_2026_01/SAMI/Dolidze25/reduced/08_extract1d/extract1d_optimal_ridge_all_wav.fits,LAMBDA_NM,SKY,600.0,950.0,84
877.6550484331142,0.009613662381242793,0.3761397106842575,0.8857413304397902,-0.004975000482855501,0.00017209678537617637,55.86195209997006,7,L072,877.6851196289062,0.00456792826545243,0.004205059969243096,SLIT025,/Users/robberto/Library/CloudStorage/Box-Box/My Documents - Massimo Robberto/@Massimo/_Science/2. Projects_HW/2017.SAMOS/_Run8_Science_2026_01/SAMI/Dolidze25/reduced/08_extract1d/extract1d_optimal_ridge_all_wav.fits,LAMBDA_NM,SKY,600.0,950.0,84
879.6250514661064,0.0028269230472945358,0.10139024400719565,0.23875577895558542,0.0007186465917490054,0.00010107439186449989,27.968736641861796,7,L073,879.5618896484375,0.003061246338272483,0.003468044415659871,SLIT025,/Users/robberto/Library/CloudStorage/Box-Box/My Documents - Massimo Robberto/@Massimo/_Science/2. Projects_HW/2017.SAMOS/_Run8_Science_2026_01/SAMI/Dolidze25/reduced/08_extract1d/extract1d_optimal_ridge_all_wav.fits,LAMBDA_NM,SKY,600.0,950.0,84
881.2524687379408,1.6999002899145625,2.4999996583668365,5.887049308015378,-1.6629155771909976,0.0005366007716314031,3167.905041855293,7,L074,881.3132934570312,0.03624107535141771,0.03826771024552676,SLIT025,/Users/robberto/Library/CloudStorage/Box-Box/My Documents - Massimo Robberto/@Massimo/_Science/2. Projects_HW/2017.SAMOS/_Run8_Science_2026_01/SAMI/Dolidze25/reduced/08_extract1d/extract1d_optimal_ridge_all_wav.fits,LAMBDA_NM,SKY,600.0,950.0,84
882.0415478166314,0.00582109546556899,0.17933181971814688,0.4222941637786185,0.009997536244991695,0.00039353384676030787,14.79185466127004,7,L075,882.0637817382812,0.015289911422772154,0.004369286036785384,SLIT025,/Users/robberto/Library/CloudStorage/Box-Box/My Documents - Massimo Robberto/@Massimo/_Science/2. Projects_HW/2017.SAMOS/_Run8_Science_2026_01/SAMI/Dolidze25/reduced/08_extract1d/extract1d_optimal_ridge_all_wav.fits,LAMBDA_NM,SKY,600.0,950.0,84
883.5404576083492,0.12421869681570469,2.222957484529399,5.234664843752606,-0.12177942246142257,0.00012811301638881488,969.6024675487214,7,L076,883.4395141601562,0.0023375397669309454,0.0027068802640548215,SLIT025,/Users/robberto/Library/CloudStorage/Box-Box/My Documents - Massimo Robberto/@Massimo/_Science/2. Projects_HW/2017.SAMOS/_Run8_Science_2026_01/SAMI/Dolidze25/reduced/08_extract1d/extract1d_optimal_ridge_all_wav.fits,LAMBDA_NM,SKY,600.0,950.0,84
885.1885191627285,0.3438402230939833,2.49999978484697,5.887049605853332,-0.3374521178851076,0.0003148401507441196,1092.110463933277,7,L077,885.1901245117188,0.006408221451257894,0.006970454198500401,SLIT025,/Users/robberto/Library/CloudStorage/Box-Box/My Documents - Massimo Robberto/@Massimo/_Science/2. Projects_HW/2017.SAMOS/_Run8_Science_2026_01/SAMI/Dolidze25/reduced/08_extract1d/extract1d_optimal_ridge_all_wav.fits,LAMBDA_NM,SKY,600.0,950.0,84
887.0904747551332,1.5838413472763513,2.499999999079604,5.887050110332632,-1.5527363731758177,0.00285739769148469,554.2950328532655,8,L078,887.0654296875,0.03098535621428302,0.03217513271847086,SLIT025,/Users/robberto/Library/CloudStorage/Box-Box/My Documents - Massimo Robberto/@Massimo/_Science/2. Projects_HW/2017.SAMOS/_Run8_Science_2026_01/SAMI/Dolidze25/reduced/08_extract1d/extract1d_optimal_ridge_all_wav.fits,LAMBDA_NM,SKY,600.0,950.0,84
888.7786255743197,0.01331729306538226,0.3480818183440228,0.8196700431365536,-0.004748923121374014,0.0007067829732488197,18.84212490882115,9,L079,888.8153686523438,0.00812593351357083,0.008915009264811445,SLIT025,/Users/robberto/Library/CloudStorage/Box-Box/My Documents - Massimo Robberto/@Massimo/_Science/2. Projects_HW/2017.SAMOS/_Run8_Science_2026_01/SAMI/Dolidze25/reduced/08_extract1d/extract1d_optimal_ridge_all_wav.fits,LAMBDA_NM,SKY,600.0,950.0,84
890.4474828822352,0.04905067244738692,0.3832378976391464,0.90245628336432,-0.016891483318174732,0.001744932220112234,28.110359750381583,9,L080,890.43994140625,0.03214484828381059,0.034182097301963824,SLIT025,/Users/robberto/Library/CloudStorage/Box-Box/My Documents - Massimo Robberto/@Massimo/_Science/2. Projects_HW/2017.SAMOS/_Run8_Science_2026_01/SAMI/Dolidze25/reduced/08_extract1d/extract1d_optimal_ridge_all_wav.fits,LAMBDA_NM,SKY,600.0,950.0,84
892.8441317669515,0.023098506260722452,0.6999477427640625,1.6482509751133179,-0.017362531409565663,0.0005712045457829177,40.43823956103612,9,L081,892.9386596679688,0.006802202891901043,0.008187879853970341,SLIT025,/Users/robberto/Library/CloudStorage/Box-Box/My Documents - Massimo Robberto/@Massimo/_Science/2. Projects_HW/2017.SAMOS/_Run8_Science_2026_01/SAMI/Dolidze25/reduced/08_extract1d/extract1d_optimal_ridge_all_wav.fits,LAMBDA_NM,SKY,600.0,950.0,84
894.2961303439498,0.0374225946345446,0.4325310305903159,1.018532740918584,-0.01792395340778038,0.0004868869225030611,76.86095663066268,9,L082,894.3126220703125,0.019096869026258203,0.020849915668747977,SLIT025,/Users/robberto/Library/CloudStorage/Box-Box/My Documents - Massimo Robberto/@Massimo/_Science/2. Projects_HW/2017.SAMOS/_Run8_Science_2026_01/SAMI/Dolidze25/reduced/08_extract1d/extract1d_optimal_ridge_all_wav.fits,LAMBDA_NM,SKY,600.0,950.0,84
897.2627299136905,0.006883153041079309,0.28440097680053056,0.6697131209874693,-0.0013941045630025514,0.0006245352817830465,11.02123969910543,9,L083,897.4343872070312,0.005198531598597348,0.0062681349917863526,SLIT025,/Users/robberto/Library/CloudStorage/Box-Box/My Documents - Massimo Robberto/@Massimo/_Science/2. Projects_HW/2017.SAMOS/_Run8_Science_2026_01/SAMI/Dolidze25/reduced/08_extract1d/extract1d_optimal_ridge_all_wav.fits,LAMBDA_NM,SKY,600.0,950.0,84
898.5812390668546,0.0112411860902193,0.30252328173494014,0.7123878879086194,-0.003170437693129974,0.0007635193265366729,14.722857299774414,8,L084,898.557861328125,0.007641824493759792,0.004621392890684521,SLIT025,/Users/robberto/Library/CloudStorage/Box-Box/My Documents - Massimo Robberto/@Massimo/_Science/2. Projects_HW/2017.SAMOS/_Run8_Science_2026_01/SAMI/Dolidze25/reduced/08_extract1d/extract1d_optimal_ridge_all_wav.fits,LAMBDA_NM,SKY,600.0,950.0,84
