slit,correction_nm,status,evidence
SLIT000,0.0,REJECTED_ALIAS,broad_OH_alias_rejected_by_telluric
SLIT001,0.0,NOMINAL,no_secure_gross_offset
SLIT002,0.0,NOMINAL,no_secure_gross_offset
SLIT003,0.0,NOMINAL,no_secure_gross_offset
SLIT004,0.0,REJECTED_ALIAS,broad_OH_alias_telluric_already_aligned
SLIT005,0.0,NOMINAL,no_secure_gross_offset
SLIT006,0.0,NOMINAL,no_secure_gross_offset
SLIT007,0.0,NOMINAL,no_secure_gross_offset
SLIT008,0.0,NOMINAL,no_secure_gross_offset
SLIT009,0.0,NOMINAL,no_secure_gross_offset
SLIT010,0.0,NOMINAL,no_secure_gross_offset
SLIT011,0.0,NOMINAL,no_secure_gross_offset
SLIT012,0.0,NOMINAL,no_secure_gross_offset
SLIT013,0.0,NOMINAL,no_secure_gross_offset
SLIT014,-9.0,ADOPTED,telluric_A+B_joint_gross_shift_+9.00nm
SLIT015,0.0,NOMINAL,no_secure_gross_offset
SLIT016,0.0,NOMINAL,no_secure_gross_offset
SLIT017,0.0,NOMINAL,no_secure_gross_offset
SLIT018,0.0,NOMINAL,no_secure_gross_offset
SLIT019,0.0,NOMINAL,no_secure_gross_offset
SLIT020,0.0,NOMINAL,no_secure_gross_offset
SLIT021,0.0,NOMINAL,no_secure_gross_offset
SLIT022,0.0,NOMINAL,no_secure_gross_offset
SLIT023,0.0,NOMINAL,no_secure_gross_offset
SLIT024,0.0,NOMINAL,no_secure_gross_offset
SLIT025,0.0,NOMINAL,no_secure_gross_offset
SLIT026,0.0,NOMINAL,no_secure_gross_offset
SLIT027,0.0,NOMINAL,no_secure_gross_offset
SLIT028,0.0,NOMINAL,no_secure_gross_offset
SLIT029,0.0,NOMINAL,no_secure_gross_offset
SLIT030,0.0,NOMINAL,no_secure_gross_offset
SLIT031,0.0,NOMINAL,no_secure_gross_offset
SLIT032,0.0,NOMINAL,no_secure_gross_offset
SLIT033,0.0,NOMINAL,no_secure_gross_offset
SLIT034,0.0,NOMINAL,no_secure_gross_offset
SLIT035,0.0,NOMINAL,no_secure_gross_offset
SLIT036,0.0,NOMINAL,no_secure_gross_offset
SLIT037,0.0,NOMINAL,no_secure_gross_offset
SLIT038,-1.75,ADOPTED,broad_OH+telluric_AB
SLIT039,0.0,NOMINAL,no_secure_gross_offset
SLIT040,0.0,NOMINAL,no_secure_gross_offset
SLIT041,0.0,NOMINAL,no_secure_gross_offset
SLIT042,0.0,NOMINAL,no_secure_gross_offset
SLIT043,0.0,NOMINAL,no_secure_gross_offset
SLIT044,0.0,NOMINAL,no_secure_gross_offset
SLIT045,0.0,NOMINAL,no_secure_gross_offset
SLIT046,0.0,NOMINAL,no_secure_gross_offset
