slit,shift_nm,comment
SLIT000,3,
SLIT001,5,
SLIT002,2,
SLIT003,0,
SLIT004,0,
SLIT005,3,
SLIT006,0,
SLIT007,0,
SLIT008,0,
SLIT009,2,
SLIT010,0,
SLIT011,0,
SLIT012,0,
SLIT013,0,
SLIT014,-7,
SLIT015,-2,
SLIT016,0,
SLIT017,0,
SLIT018,0,
SLIT019,0,
SLIT020,0,
SLIT021,0,
SLIT022,0,
SLIT023,0,
SLIT024,12,
SLIT025,0,
SLIT026,0,
SLIT027,0,
SLIT028,0,
SLIT029,0,
SLIT030,0,
SLIT031,0,
SLIT032,0,
SLIT033,0,
SLIT034,0,
SLIT035,0,
SLIT036,0,
SLIT037,0,
SLIT038,-2,
SLIT039,0,
SLIT040,0,
SLIT041,0,
SLIT042,0,
SLIT043,0,
SLIT044,3,
SLIT045,0,
SLIT046,0,