,Unnamed: 0,RA,DEC
1,0,101.2452133,0.249283985
3,8,101.2465708,0.241305835
5,16,101.2484458,0.218624591
7,23,101.2497073,0.220814748
9,35,101.2526657,0.206877281
11,44,101.2546686,0.227944298
13,56,101.2563077,0.218913102
15,67,101.2580864,0.22044351
17,78,101.26004,0.223744649
19,88,101.2621074,0.227601398
21,93,101.2636042,0.254425298
23,104,101.2655189,0.242322197
25,110,101.2689127,0.206256266
27,122,101.2720433,0.237443409
29,132,101.2741035,0.245707423
31,139,101.2754911,0.218196306
33,149,101.2783944,0.231535353
35,158,101.2810991,0.237234366
37,167,101.2831942,0.216304231
39,173,101.2843362,0.223650656
41,181,101.2861313,0.245916387
43,186,101.287791,0.232669072
45,193,101.2904448,0.236701168
47,202,101.2920953,0.247149919
49,206,101.2933165,0.251573985