label,index,ra,dec
0,18,101.24566,0.2250812
2,119,101.2474439,0.225375645
4,115,101.2490216,0.234507057
6,112,101.2505016,0.236384527
8,6,101.2525401,0.233579279
10,22,101.2535925,0.245218237
12,1,101.2548526,0.218683955
14,202,101.2559857,0.252217187
16,109,101.2576257,0.224028436
18,3,101.2587617,0.221246013
20,23,101.2601099,0.221937137
22,71,101.2616917,0.238289699
24,148,101.2633151,0.219386249
26,33,101.264879,0.215827526
28,188,101.2660107,0.229468784
30,65,101.2676305,0.228416406
32,35,101.2690997,0.226432464
34,144,101.2702778,0.220708079
36,21,101.2723029,0.214642766
38,12,101.2736716,0.223130448
40,57,101.2750195,0.2092989
42,95,101.2766646,0.216829617
44,140,101.2777754,0.249452615
46,53,101.2788594,0.233622279
48,52,101.2802187,0.225183782
50,50,101.2816017,0.246726759
52,25,101.2831589,0.206761855
54,48,101.2846205,0.252197544
56,47,101.2860573,0.233117125
58,999,101.2878432,0.240861189
60,45,101.2891526,0.223445421
62,26,101.291975,0.236585224