SLITID,RA,DEC,g_mag,r_mag,i_mag,z_mag,flags,nimaflags,dist_arcsec
SLIT000,101.24566,0.2250812,16.5289,16.0311,15.641,15.4116,2051,6,0.26501515125374714
SLIT004,101.2490216,0.234507057,19.9872,19.3205,18.6938,18.3077,0,0,0.8130494940023928
SLIT006,101.2505016,0.236384527,,19.9191,19.1707,,0,0,0.1105318770651128
SLIT008,101.2525401,0.233579279,14.8809,14.553,14.3526,14.2681,2051,12,0.09202987087000639
SLIT010,101.2535925,0.245218237,17.175,16.8558,16.608,16.4045,2051,5,0.0290097004489222
SLIT012,101.2548526,0.218683955,17.6624,16.9628,16.4012,16.071,17,0,0.11990495514561296
SLIT018,101.2587617,0.221246013,13.3291,13.0155,12.7644,12.6323,2051,32,0.029826968836950164
SLIT020,101.2601099,0.221937137,16.0452,15.592,15.0623,14.8754,27,96,0.46686285509861
SLIT024,101.2633151,0.219386249,,19.9457,18.9241,18.363,1,0,0.02842894509964635
SLIT026,101.264879,0.215827526,12.8474,12.6425,12.5311,12.4882,2050,59,0.0363887275433255
SLIT032,101.2690997,0.226432464,17.2061,16.8164,16.5035,16.2801,2049,5,0.10223633036462215
SLIT036,101.2723029,0.214642766,15.2078,14.8443,14.5968,14.4819,2051,22,0.03175437717799555
SLIT038,101.2736716,0.223130448,17.8071,16.7171,15.7125,15.1485,3,0,0.07499280693135879
SLIT040,101.2750195,0.2092989,17.2772,16.7948,16.4028,16.2101,2048,2,0.2766675947891868
SLIT042,101.2766646,0.216829617,19.3281,18.7332,18.1334,17.7998,3,0,0.1975317031202676
SLIT046,101.2788594,0.233622279,18.6893,17.7494,16.8657,16.3788,3,1,0.03850030104408043
SLIT048,101.2802187,0.225183782,17.7123,17.282,16.9085,16.6747,2048,3,0.010060360483963405
SLIT050,101.2816017,0.246726759,18.1234,17.5276,16.9376,16.5453,3,0,0.04748754988544603
SLIT052,101.2831589,0.206761855,,,16.313,,3,0,0.1409451015603779
SLIT054,101.2846205,0.252197544,18.0377,17.3483,16.6659,16.2728,0,1,0.06454167130381647
SLIT056,101.2860573,0.233117125,18.6101,18.0216,17.4491,17.0648,3,0,0.11190384581339131
SLIT058,101.2878432,0.240861189,19.24,18.5896,18.133,17.9153,0,0,0.01369678930090531
SLIT062,101.291975,0.236585224,16.0614,15.4995,15.0221,14.6448,2051,9,0.11701682410401029
SLIT001,101.2467418,0.226315263,16.8887,16.4873,16.2146,16.0551,2051,3,0.1385741380780846
SLIT003,101.2484685,0.210702241,17.4506,16.907,16.4649,16.2164,2048,10,0.07969544663387597
SLIT005,101.2499799,0.246523401,17.1641,16.7876,16.472,16.2471,2051,4,0.20207700650270316
SLIT007,101.2513067,0.244408508,17.4245,16.9693,16.6419,16.4838,2051,8,0.07496802195664631
SLIT013,101.2553703,0.222099957,,17.8336,,16.9874,17,0,0.43679379559786047
SLIT015,101.2566921,0.23260412,15.5174,15.1854,14.9213,14.7494,2051,11,0.0224889523150678
SLIT017,101.2582709,0.242654481,19.4779,18.7984,18.2665,17.9362,1,0,0.1035601387857993
SLIT019,101.2592955,0.237557155,16.5126,16.0914,15.7637,15.6049,2051,3,0.18171206619436425
SLIT021,101.2610846,0.239417136,13.6399,13.3695,13.1806,13.0893,2051,27,0.11430620342253961
SLIT025,101.2638725,0.240683913,18.6797,18.0145,17.5365,17.3547,1,0,0.13058633498586672
SLIT027,101.265391,0.228784038,17.8382,16.97,16.3833,16.0965,3,8,0.09574415440480154
SLIT029,101.2665828,0.252823066,14.1426,13.9782,13.9108,13.8569,2050,19,0.08360730681962457
SLIT031,101.2684559,0.243126179,17.7705,17.2363,16.8334,16.5773,3,4,0.13567179606513824
SLIT033,101.2696362,0.2298034,11.6324,11.2791,10.991,10.8652,2048,46,0.019453328548028986
SLIT035,101.2713475,0.221376605,,20.0578,19.4388,,0,0,0.08446655108619565
SLIT037,101.2728791,0.211063603,19.8195,19.1783,18.6164,18.2942,1,0,0.06273418471195119
SLIT039,101.2742344,0.23979898,,19.7202,18.7795,17.9813,3,0,0.22593087142320195
SLIT041,101.2759733,0.226032876,15.5464,15.1887,14.8906,14.6813,2051,7,0.2569191182787217
SLIT043,101.2772579,0.236463961,15.4228,15.0916,14.8807,14.7782,2050,13,0.021372323503437745
SLIT045,101.2783661,0.215270413,15.909,15.6029,15.3727,15.2239,2050,8,0.03605763491315143
SLIT047,101.2808983,0.2370831,19.3129,18.2355,17.2144,16.626,0,3,0.20670706529539717
SLIT049,101.2822185,0.2099376,,,19.0687,18.485,0,0,0.1636079835197698
SLIT051,101.2855509,0.2101122,,,18.9185,18.1528,0,0,0.5749510347979258
SLIT053,101.2869492,0.2168483,17.3286,16.8972,16.5948,16.4378,2048,1,0.014003018698597236
SLIT055,101.2884042,0.2269835,15.7143,15.3315,15.0756,14.9642,2048,13,0.04404505249908962
SLIT061,101.2927989,0.2234928,,20.0913,19.3901,,0,0,0.18041035741981964
